{"cameraMode":{"drawMode":0,"name":"Shaded","section":"Shading Mode"},"sceneLighting":false,"audioPlay":false,"sceneViewState":{"m_AlwaysRefresh":false,"showFog":true,"showSkybox":false,"showFlares":true,"showImageEffects":true,"showParticleSystems":true,"showVisualEffectGraphs":true,"m_FxEnabled":true},"in2DMode":false,"pivot":{"x":-1.1175130605697632,"y":0.7722145915031433,"z":-1.50017249584198},"rotation":{"x":0.048983678221702579,"y":0.23159371316432954,"z":-0.011775090359151364,"w":0.9715779423713684},"size":0.8003544807434082,"orthographic":false}